{
  "center": "p0",
  "nodes": {
    "p0": {
      "position": [
        0.004100557882338762,
        -0.0005104738520458341,
        0.17722129821777344
      ],
      "difficulty": 0
    },
    "p1": {
      "position": [
        0.004100557882338762,
        -0.0005104738520458341,
        10.177221298217773
      ],
      "difficulty": 0
    },
    "p2": {
      "position": [
        0.004100557882338762,
        -0.0005104738520458341,
        20.177221298217773
      ],
      "difficulty": 0
    },
    "p3": {
      "position": [
        0.004100557882338762,
        -0.0005104738520458341,
        30.177221298217773
      ],
      "difficulty": 0
    }
  },
  "connections": [
    [
      "p0",
      "p1"
    ],
    [
      "p1",
      "p2"
    ],
    [
      "p2",
      "p3"
    ],
    [
      "p3",
      "p0"
    ]
  ]
}