{
  "center": "p0",
  "nodes": {
    "p0": {
      "position": [
        1.5118250846862793,
        0.06836658716201782,
        0.16500724852085114
      ],
      "difficulty": 0
    },
    "p1": {
      "position": [
        1.5118250846862793,
        0.06836658716201782,
        10.165007248520851
      ],
      "difficulty": 0
    },
    "p2": {
      "position": [
        1.5118250846862793,
        0.06836658716201782,
        20.16500724852085
      ],
      "difficulty": 0
    },
    "p3": {
      "position": [
        1.5118250846862793,
        0.06836658716201782,
        30.16500724852085
      ],
      "difficulty": 0
    }
  },
  "connections": [
    [
      "p0",
      "p1"
    ],
    [
      "p1",
      "p2"
    ],
    [
      "p2",
      "p3"
    ],
    [
      "p3",
      "p0"
    ]
  ]
}