{
  "center": "p0",
  "nodes": {
    "p0": {
      "position": [
        0.004118019714951515,
        -0.0009538298472762108,
        0.17742957174777985
      ],
      "difficulty": 0
    },
    "p1": {
      "position": [
        0.004118019714951515,
        -0.0009538298472762108,
        10.17742957174778
      ],
      "difficulty": 0
    },
    "p2": {
      "position": [
        0.004118019714951515,
        -0.0009538298472762108,
        20.17742957174778
      ],
      "difficulty": 0
    },
    "p3": {
      "position": [
        0.004118019714951515,
        -0.0009538298472762108,
        30.17742957174778
      ],
      "difficulty": 0
    }
  },
  "connections": [
    [
      "p0",
      "p1"
    ],
    [
      "p1",
      "p2"
    ],
    [
      "p2",
      "p3"
    ],
    [
      "p3",
      "p0"
    ]
  ]
}