{
  "center": "p0",
  "nodes": {
    "p0": {
      "position": [
        0.0,
        0.0,
        0.6072192788124084
      ],
      "difficulty": 0
    },
    "p1": {
      "position": [
        0.0,
        0.0,
        -9.392780721187592
      ],
      "difficulty": 0
    },
    "p2": {
      "position": [
        0.0,
        0.0,
        -19.39278072118759
      ],
      "difficulty": 0
    },
    "p3": {
      "position": [
        0.0,
        0.0,
        -29.39278072118759
      ],
      "difficulty": 0
    }
  },
  "connections": [
    [
      "p0",
      "p1"
    ],
    [
      "p1",
      "p2"
    ],
    [
      "p2",
      "p3"
    ],
    [
      "p3",
      "p0"
    ]
  ]
}