{
  "center": "p0",
  "nodes": {
    "p0": {
      "position": [
        0.004011646844446659,
        -0.0006935441051609814,
        0.17609694600105286
      ],
      "difficulty": 0
    },
    "p1": {
      "position": [
        0.004011646844446659,
        -0.0006935441051609814,
        10.176096946001053
      ],
      "difficulty": 0
    },
    "p2": {
      "position": [
        0.004011646844446659,
        -0.0006935441051609814,
        20.176096946001053
      ],
      "difficulty": 0
    },
    "p3": {
      "position": [
        0.004011646844446659,
        -0.0006935441051609814,
        30.176096946001053
      ],
      "difficulty": 0
    }
  },
  "connections": [
    [
      "p0",
      "p1"
    ],
    [
      "p1",
      "p2"
    ],
    [
      "p2",
      "p3"
    ],
    [
      "p3",
      "p0"
    ]
  ]
}