{
  "center": "p0",
  "nodes": {
    "p0": {
      "position": [
        0.003906942903995514,
        -0.0006649619317613542,
        0.17723220586776733
      ],
      "difficulty": 0
    },
    "p1": {
      "position": [
        0.003906942903995514,
        -0.0006649619317613542,
        10.177232205867767
      ],
      "difficulty": 0
    },
    "p2": {
      "position": [
        0.003906942903995514,
        -0.0006649619317613542,
        20.177232205867767
      ],
      "difficulty": 0
    },
    "p3": {
      "position": [
        0.003906942903995514,
        -0.0006649619317613542,
        30.177232205867767
      ],
      "difficulty": 0
    }
  },
  "connections": [
    [
      "p0",
      "p1"
    ],
    [
      "p1",
      "p2"
    ],
    [
      "p2",
      "p3"
    ],
    [
      "p3",
      "p0"
    ]
  ]
}