{
  "center": "p0",
  "nodes": {
    "p0": {
      "position": [
        0.0,
        0.0,
        0.6114275455474854
      ],
      "difficulty": 0
    },
    "p1": {
      "position": [
        0.0,
        0.0,
        10.611427545547485
      ],
      "difficulty": 0
    },
    "p2": {
      "position": [
        0.0,
        0.0,
        20.611427545547485
      ],
      "difficulty": 0
    },
    "p3": {
      "position": [
        0.0,
        0.0,
        30.611427545547485
      ],
      "difficulty": 0
    }
  },
  "connections": [
    [
      "p0",
      "p1"
    ],
    [
      "p1",
      "p2"
    ],
    [
      "p2",
      "p3"
    ],
    [
      "p3",
      "p0"
    ]
  ]
}