{
  "center": "p0",
  "nodes": {
    "p0": {
      "position": [
        0.0043379561975598335,
        -0.0008561473805457354,
        0.17773208022117615
      ],
      "difficulty": 0
    },
    "p1": {
      "position": [
        0.0043379561975598335,
        -0.0008561473805457354,
        10.177732080221176
      ],
      "difficulty": 0
    },
    "p2": {
      "position": [
        0.0043379561975598335,
        -0.0008561473805457354,
        20.177732080221176
      ],
      "difficulty": 0
    },
    "p3": {
      "position": [
        0.0043379561975598335,
        -0.0008561473805457354,
        30.177732080221176
      ],
      "difficulty": 0
    }
  },
  "connections": [
    [
      "p0",
      "p1"
    ],
    [
      "p1",
      "p2"
    ],
    [
      "p2",
      "p3"
    ],
    [
      "p3",
      "p0"
    ]
  ]
}