{
  "center": "p0",
  "nodes": {
    "p0": {
      "position": [
        4690199.276658169,
        -3645543.7838369706,
        8668545.058501823
      ],
      "difficulty": 0
    },
    "p1": {
      "position": [
        4690199.276658169,
        -3645543.7838369706,
        8668545.058501825
      ],
      "difficulty": 0
    },
    "p2": {
      "position": [
        4690199.276658169,
        -3645543.7838369706,
        8668545.058501825
      ],
      "difficulty": 0
    },
    "p3": {
      "position": [
        4690199.276658169,
        -3645543.7838369706,
        8668545.058501827
      ],
      "difficulty": 0
    }
  },
  "connections": [
    [
      "p0",
      "p1"
    ],
    [
      "p1",
      "p2"
    ],
    [
      "p2",
      "p3"
    ],
    [
      "p3",
      "p0"
    ]
  ]
}