{
  "center": "p0",
  "nodes": {
    "p0": {
      "position": [
        4690199.277554561,
        -3645543.7845290443,
        8668545.058936637
      ],
      "difficulty": 0
    },
    "p1": {
      "position": [
        4690199.277554561,
        -3645543.7845290443,
        8668545.058936639
      ],
      "difficulty": 0
    },
    "p2": {
      "position": [
        4690199.277554561,
        -3645543.7845290443,
        8668545.058936639
      ],
      "difficulty": 0
    },
    "p3": {
      "position": [
        4690199.277554561,
        -3645543.7845290443,
        8668545.05893664
      ],
      "difficulty": 0
    }
  },
  "connections": [
    [
      "p0",
      "p1"
    ],
    [
      "p1",
      "p2"
    ],
    [
      "p2",
      "p3"
    ],
    [
      "p3",
      "p0"
    ]
  ]
}