{
  "center": "p0",
  "nodes": {
    "p0": {
      "position": [
        0.004036948084831238,
        -0.0010282223811373115,
        0.17698897421360016
      ],
      "difficulty": 0
    },
    "p1": {
      "position": [
        0.004036948084831238,
        -0.0010282223811373115,
        10.1769889742136
      ],
      "difficulty": 0
    },
    "p2": {
      "position": [
        0.004036948084831238,
        -0.0010282223811373115,
        20.1769889742136
      ],
      "difficulty": 0
    },
    "p3": {
      "position": [
        0.004036948084831238,
        -0.0010282223811373115,
        30.1769889742136
      ],
      "difficulty": 0
    }
  },
  "connections": [
    [
      "p0",
      "p1"
    ],
    [
      "p1",
      "p2"
    ],
    [
      "p2",
      "p3"
    ],
    [
      "p3",
      "p0"
    ]
  ]
}