{
  "center": "p0",
  "nodes": {
    "p0": {
      "position": [
        0.004012591205537319,
        -0.0006781899719499052,
        0.17608985304832458
      ],
      "difficulty": 0
    },
    "p1": {
      "position": [
        0.004012591205537319,
        -0.0006781899719499052,
        10.176089853048325
      ],
      "difficulty": 0
    },
    "p2": {
      "position": [
        0.004012591205537319,
        -0.0006781899719499052,
        20.176089853048325
      ],
      "difficulty": 0
    },
    "p3": {
      "position": [
        0.004012591205537319,
        -0.0006781899719499052,
        30.176089853048325
      ],
      "difficulty": 0
    }
  },
  "connections": [
    [
      "p0",
      "p1"
    ],
    [
      "p1",
      "p2"
    ],
    [
      "p2",
      "p3"
    ],
    [
      "p3",
      "p0"
    ]
  ]
}