{
  "center": "p0",
  "nodes": {
    "p0": {
      "position": [
        12.871566772460938,
        0.03855646401643753,
        0.04616889730095863
      ],
      "difficulty": 0
    },
    "p1": {
      "position": [
        12.871566772460938,
        0.03855646401643753,
        10.046168897300959
      ],
      "difficulty": 0
    },
    "p2": {
      "position": [
        12.871566772460938,
        0.03855646401643753,
        20.04616889730096
      ],
      "difficulty": 0
    },
    "p3": {
      "position": [
        12.871566772460938,
        0.03855646401643753,
        30.04616889730096
      ],
      "difficulty": 0
    }
  },
  "connections": [
    [
      "p0",
      "p1"
    ],
    [
      "p1",
      "p2"
    ],
    [
      "p2",
      "p3"
    ],
    [
      "p3",
      "p0"
    ]
  ]
}