{
  "center": "p0",
  "nodes": {
    "p0": {
      "position": [
        -2.8524792194366455,
        0.11130828410387039,
        0.1951879858970642
      ],
      "difficulty": 0
    },
    "p1": {
      "position": [
        -2.8524792194366455,
        0.11130828410387039,
        10.195187985897064
      ],
      "difficulty": 0
    },
    "p2": {
      "position": [
        -2.8524792194366455,
        0.11130828410387039,
        20.195187985897064
      ],
      "difficulty": 0
    },
    "p3": {
      "position": [
        -2.8524792194366455,
        0.11130828410387039,
        30.195187985897064
      ],
      "difficulty": 0
    }
  },
  "connections": [
    [
      "p0",
      "p1"
    ],
    [
      "p1",
      "p2"
    ],
    [
      "p2",
      "p3"
    ],
    [
      "p3",
      "p0"
    ]
  ]
}