{
  "center": "p0",
  "nodes": {
    "p0": {
      "position": [
        0.0040930528193712234,
        0.0003935134445782751,
        0.17617568373680115
      ],
      "difficulty": 0
    },
    "p1": {
      "position": [
        0.0040930528193712234,
        0.0003935134445782751,
        10.176175683736801
      ],
      "difficulty": 0
    },
    "p2": {
      "position": [
        0.0040930528193712234,
        0.0003935134445782751,
        20.1761756837368
      ],
      "difficulty": 0
    },
    "p3": {
      "position": [
        0.0040930528193712234,
        0.0003935134445782751,
        30.1761756837368
      ],
      "difficulty": 0
    }
  },
  "connections": [
    [
      "p0",
      "p1"
    ],
    [
      "p1",
      "p2"
    ],
    [
      "p2",
      "p3"
    ],
    [
      "p3",
      "p0"
    ]
  ]
}